Datetime,Water Level (m)
2025-06-01 00:00:00,-0.5259774
2025-06-01 01:00:00,-0.5356502
2025-06-01 02:00:00,-0.2933526
2025-06-01 03:00:00,0.08516943
2025-06-01 04:00:00,0.54261386
2025-06-01 05:00:00,0.97599095
2025-06-01 06:00:00,1.2750441
2025-06-01 07:00:00,1.2659516
2025-06-01 08:00:00,1.0163593
2025-06-01 09:00:00,0.67708784
2025-06-01 10:00:00,0.28101936
2025-06-01 11:00:00,-0.110543
2025-06-01 12:00:00,-0.42692327
2025-06-01 13:00:00,-0.5580146
2025-06-01 14:00:00,-0.4934271
2025-06-01 15:00:00,-0.28189343
2025-06-01 16:00:00,0.034340717
2025-06-01 17:00:00,0.39141014
2025-06-01 18:00:00,0.6963681
2025-06-01 19:00:00,0.8270416
2025-06-01 20:00:00,0.7884617
2025-06-01 21:00:00,0.6234927
2025-06-01 22:00:00,0.37695876
2025-06-01 23:00:00,0.0422149
2025-06-02 00:00:00,-0.2672945
2025-06-02 01:00:00,-0.42541903
2025-06-02 02:00:00,-0.34156528
2025-06-02 03:00:00,-0.09416926
2025-06-02 04:00:00,0.21127394
2025-06-02 05:00:00,0.5402721
2025-06-02 06:00:00,0.86088264
2025-06-02 07:00:00,1.0450597
2025-06-02 08:00:00,1.0372965
2025-06-02 09:00:00,0.88084066
2025-06-02 10:00:00,0.6172952
2025-06-02 11:00:00,0.27831072
2025-06-02 12:00:00,-0.07793217
2025-06-02 13:00:00,-0.36137423
2025-06-02 14:00:00,-0.4786161
2025-06-02 15:00:00,-0.4285264
2025-06-02 16:00:00,-0.23885325
2025-06-02 17:00:00,0.032856174
2025-06-02 18:00:00,0.32981667
2025-06-02 19:00:00,0.5824329
2025-06-02 20:00:00,0.69853777
2025-06-02 21:00:00,0.6650851
2025-06-02 22:00:00,0.5398525
2025-06-02 23:00:00,0.3463313
2025-06-03 00:00:00,0.09825446
2025-06-03 01:00:00,-0.16833375
2025-06-03 02:00:00,-0.31614107
2025-06-03 03:00:00,-0.27007416
2025-06-03 04:00:00,-0.06858797
2025-06-03 05:00:00,0.18388423
2025-06-03 06:00:00,0.45116112
2025-06-03 07:00:00,0.7222984
2025-06-03 08:00:00,0.89213395
2025-06-03 09:00:00,0.8785467
2025-06-03 10:00:00,0.73045474
2025-06-03 11:00:00,0.4989594
2025-06-03 12:00:00,0.21566372
2025-06-03 13:00:00,-0.092476785
2025-06-03 14:00:00,-0.35544154
2025-06-03 15:00:00,-0.46793532
2025-06-03 16:00:00,-0.4168154
2025-06-03 17:00:00,-0.23563349
2025-06-03 18:00:00,0.02871872
2025-06-03 19:00:00,0.32971606
2025-06-03 20:00:00,0.5675194
2025-06-03 21:00:00,0.6428733
2025-06-03 22:00:00,0.60474527
2025-06-03 23:00:00,0.54234576
2025-06-04 00:00:00,0.39146566
2025-06-04 01:00:00,0.1470831
2025-06-04 02:00:00,-0.098107256
2025-06-04 03:00:00,-0.24643834
2025-06-04 04:00:00,-0.23865034
2025-06-04 05:00:00,-0.102312915
2025-06-04 06:00:00,0.12355706
2025-06-04 07:00:00,0.3740977
2025-06-04 08:00:00,0.5919231
2025-06-04 09:00:00,0.7335605
2025-06-04 10:00:00,0.7371234
2025-06-04 11:00:00,0.6154099
2025-06-04 12:00:00,0.4268489
2025-06-04 13:00:00,0.17811054
2025-06-04 14:00:00,-0.12871307
2025-06-04 15:00:00,-0.39647403
2025-06-04 16:00:00,-0.49586073
2025-06-04 17:00:00,-0.4292417
2025-06-04 18:00:00,-0.26769912
2025-06-04 19:00:00,-0.033033136
2025-06-04 20:00:00,0.26775533
2025-06-04 21:00:00,0.5452131
2025-06-04 22:00:00,0.6749312
2025-06-04 23:00:00,0.6780269
2025-06-05 00:00:00,0.6117855
2025-06-05 01:00:00,0.4563102
2025-06-05 02:00:00,0.19933598
2025-06-05 03:00:00,-0.07354496
2025-06-05 04:00:00,-0.24641755
2025-06-05 05:00:00,-0.23530464
2025-06-05 06:00:00,-0.10323972
2025-06-05 07:00:00,0.07479101
2025-06-05 08:00:00,0.29431164
2025-06-05 09:00:00,0.54059947
2025-06-05 10:00:00,0.70495313
2025-06-05 11:00:00,0.70625895
2025-06-05 12:00:00,0.5985184
2025-06-05 13:00:00,0.42032275
2025-06-05 14:00:00,0.14561503
2025-06-05 15:00:00,-0.17820439
2025-06-05 16:00:00,-0.44408405
2025-06-05 17:00:00,-0.5309192
2025-06-05 18:00:00,-0.4414897
2025-06-05 19:00:00,-0.23590723
2025-06-05 20:00:00,0.040738232
2025-06-05 21:00:00,0.35702235
2025-06-05 22:00:00,0.63666004
2025-06-05 23:00:00,0.78127176
2025-06-06 00:00:00,0.7808475
2025-06-06 01:00:00,0.69359046
2025-06-06 02:00:00,0.50531155
2025-06-06 03:00:00,0.20733726
2025-06-06 04:00:00,-0.10343864
2025-06-06 05:00:00,-0.28828934
2025-06-06 06:00:00,-0.27922693
2025-06-06 07:00:00,-0.14847128
2025-06-06 08:00:00,0.03848599
2025-06-06 09:00:00,0.28730363
2025-06-06 10:00:00,0.5512055
2025-06-06 11:00:00,0.70144844
2025-06-06 12:00:00,0.67949444
2025-06-06 13:00:00,0.56199783
2025-06-06 14:00:00,0.37559593
2025-06-06 15:00:00,0.0829309
2025-06-06 16:00:00,-0.25993308
2025-06-06 17:00:00,-0.5388218
2025-06-06 18:00:00,-0.61259
2025-06-06 19:00:00,-0.48082653
2025-06-06 20:00:00,-0.21475664
2025-06-06 21:00:00,0.13164304
2025-06-06 22:00:00,0.4997207
2025-06-06 23:00:00,0.7927768
2025-06-07 00:00:00,0.9078526
