Datetime,Water Level (m)
2025-06-01 00:00:00,0.57288325
2025-06-01 01:00:00,0.656411
2025-06-01 02:00:00,0.57209367
2025-06-01 03:00:00,0.4190622
2025-06-01 04:00:00,0.25951487
2025-06-01 05:00:00,0.10535516
2025-06-01 06:00:00,-0.034879822
2025-06-01 07:00:00,-0.12663268
2025-06-01 08:00:00,-0.061427746
2025-06-01 09:00:00,0.12933794
2025-06-01 10:00:00,0.3617193
2025-06-01 11:00:00,0.6082898
2025-06-01 12:00:00,0.82884395
2025-06-01 13:00:00,0.9601833
2025-06-01 14:00:00,0.9199277
2025-06-01 15:00:00,0.75037116
2025-06-01 16:00:00,0.564938
2025-06-01 17:00:00,0.38079384
2025-06-01 18:00:00,0.20263927
2025-06-01 19:00:00,0.05023222
2025-06-01 20:00:00,-0.06357877
2025-06-01 21:00:00,-0.057077996
2025-06-01 22:00:00,0.09295836
2025-06-01 23:00:00,0.2766781
2025-06-02 00:00:00,0.45277864
2025-06-02 01:00:00,0.592009
2025-06-02 02:00:00,0.63619715
2025-06-02 03:00:00,0.55180484
2025-06-02 04:00:00,0.41226178
2025-06-02 05:00:00,0.26332387
2025-06-02 06:00:00,0.118406616
2025-06-02 07:00:00,-0.011349739
2025-06-02 08:00:00,-0.082563944
2025-06-02 09:00:00,0.007899281
2025-06-02 10:00:00,0.20147821
2025-06-02 11:00:00,0.420438
2025-06-02 12:00:00,0.6469483
2025-06-02 13:00:00,0.8373513
2025-06-02 14:00:00,0.91993934
2025-06-02 15:00:00,0.84610105
2025-06-02 16:00:00,0.6889523
2025-06-02 17:00:00,0.5239423
2025-06-02 18:00:00,0.3587119
2025-06-02 19:00:00,0.20324178
2025-06-02 20:00:00,0.07465063
2025-06-02 21:00:00,-0.006802686
2025-06-02 22:00:00,0.038228303
2025-06-02 23:00:00,0.19470379
2025-06-03 00:00:00,0.36746418
2025-06-03 01:00:00,0.5299686
2025-06-03 02:00:00,0.64667815
2025-06-03 03:00:00,0.67586505
2025-06-03 04:00:00,0.60030293
2025-06-03 05:00:00,0.4748291
2025-06-03 06:00:00,0.34027782
2025-06-03 07:00:00,0.20645069
2025-06-03 08:00:00,0.09475427
2025-06-03 09:00:00,0.044267695
2025-06-03 10:00:00,0.13446379
2025-06-03 11:00:00,0.3078969
2025-06-03 12:00:00,0.49899355
2025-06-03 13:00:00,0.6786233
2025-06-03 14:00:00,0.8151135
2025-06-03 15:00:00,0.85041744
2025-06-03 16:00:00,0.7645648
2025-06-03 17:00:00,0.6266002
2025-06-03 18:00:00,0.4774741
2025-06-03 19:00:00,0.32519454
2025-06-03 20:00:00,0.18091835
2025-06-03 21:00:00,0.058470596
2025-06-03 22:00:00,-0.023384765
2025-06-03 23:00:00,0.011211831
2025-06-04 00:00:00,0.17137209
2025-06-04 01:00:00,0.34836283
2025-06-04 02:00:00,0.5084285
2025-06-04 03:00:00,0.622775
2025-06-04 04:00:00,0.65195435
2025-06-04 05:00:00,0.5800589
2025-06-04 06:00:00,0.46153542
2025-06-04 07:00:00,0.3339481
2025-06-04 08:00:00,0.20750406
2025-06-04 09:00:00,0.100972295
2025-06-04 10:00:00,0.04036791
2025-06-04 11:00:00,0.09423736
2025-06-04 12:00:00,0.24785021
2025-06-04 13:00:00,0.42009565
2025-06-04 14:00:00,0.58664554
2025-06-04 15:00:00,0.7052662
2025-06-04 16:00:00,0.7337808
2025-06-04 17:00:00,0.6550047
2025-06-04 18:00:00,0.52648693
2025-06-04 19:00:00,0.38595948
2025-06-04 20:00:00,0.24127504
2025-06-04 21:00:00,0.105195284
2025-06-04 22:00:00,-0.013674859
2025-06-04 23:00:00,-0.088476285
2025-06-05 00:00:00,-0.044474885
2025-06-05 01:00:00,0.11272008
2025-06-05 02:00:00,0.29276478
2025-06-05 03:00:00,0.46291035
2025-06-05 04:00:00,0.5984756
2025-06-05 05:00:00,0.6574965
2025-06-05 06:00:00,0.6057599
2025-06-05 07:00:00,0.4872342
2025-06-05 08:00:00,0.35550243
2025-06-05 09:00:00,0.22431363
2025-06-05 10:00:00,0.11471587
2025-06-05 11:00:00,0.043878503
2025-06-05 12:00:00,0.070042476
2025-06-05 13:00:00,0.2073494
2025-06-05 14:00:00,0.373611
2025-06-05 15:00:00,0.53662837
2025-06-05 16:00:00,0.6600414
2025-06-05 17:00:00,0.69745076
2025-06-05 18:00:00,0.6236195
2025-06-05 19:00:00,0.4961059
2025-06-05 20:00:00,0.35362202
2025-06-05 21:00:00,0.2073659
2025-06-05 22:00:00,0.07089207
2025-06-05 23:00:00,-0.04832654
2025-06-06 00:00:00,-0.11243181
2025-06-06 01:00:00,-0.040151782
2025-06-06 02:00:00,0.1302139
2025-06-06 03:00:00,0.3215381
2025-06-06 04:00:00,0.5068465
2025-06-06 05:00:00,0.6509352
2025-06-06 06:00:00,0.7142493
2025-06-06 07:00:00,0.65945303
2025-06-06 08:00:00,0.5363665
2025-06-06 09:00:00,0.3977071
2025-06-06 10:00:00,0.2595605
2025-06-06 11:00:00,0.1392405
2025-06-06 12:00:00,0.049868025
2025-06-06 13:00:00,0.053675923
2025-06-06 14:00:00,0.19061396
2025-06-06 15:00:00,0.36231634
2025-06-06 16:00:00,0.52782685
2025-06-06 17:00:00,0.6498203
2025-06-06 18:00:00,0.6850286
2025-06-06 19:00:00,0.60741854
2025-06-06 20:00:00,0.47651973
2025-06-06 21:00:00,0.33167264
2025-06-06 22:00:00,0.18451595
2025-06-06 23:00:00,0.047307633
2025-06-07 00:00:00,-0.07185476
